,displacement,label
0,0.021,0
1,0.021,0
2,0.02,0
3,0.02,0
4,0.025,0
5,0.025,0
6,0.024,0
7,0.024,0
8,0.019,0
9,0.019,0
10,0.025,0
11,0.022,0
12,0.022,0
13,0.021,0
14,0.021,0
15,0.019,0
16,0.019,0
17,0.029,0
18,0.029,0
19,0.426,0
20,0.426,0
21,0.116,0
22,0.116,0
23,0.076,0
24,0.076,0
25,0.025,0
26,0.025,0
27,0.053,0
28,0.053,0
29,0.067,0
30,0.067,0
31,0.032,0
32,0.032,0
33,0.066,0
34,0.066,0
35,0.062,0
36,0.062,0
37,0.021,0
38,0.021,0
39,0.04,0
40,0.04,0
41,0.063,0
42,0.063,0
43,0.023,0
44,0.023,0
45,0.058,0
46,0.058,0
47,0.026,0
48,0.133,0
49,0.133,0
50,0.035,0
51,0.035,0
52,0.025,0
53,0.025,0
54,0.024,0
55,0.024,0
56,0.026,0
57,0.026,0
58,0.028,0
59,0.028,0
60,0.027000000000000003,0
61,0.027000000000000003,0
62,0.044,0
63,0.044,0
64,0.022,0
65,0.022,0
66,0.042,0
67,0.042,0
68,0.021,0
69,0.021,0
70,0.028,0
71,0.028,0
72,0.03,0
73,0.03,0
74,0.024,0
75,0.024,0
76,0.029,0
77,0.029,0
78,0.025,0
79,0.025,0
80,0.045,0
81,0.045,0
82,0.029,0
83,0.029,0
84,0.019,0
85,0.019,0
86,0.023,0
87,0.023,0
88,0.024,0
89,0.024,0
90,0.021,0
91,0.021,0
92,0.033,0
93,0.033,0
94,0.029,0
95,0.029,0
96,0.04,0
97,0.04,0
98,0.022,0
99,0.022,0
100,0.019,0
101,0.019,0
102,0.035,0
103,0.035,0
104,0.021,0
105,0.021,0
106,0.035,0
107,0.035,0
108,0.048,0
109,0.048,0
110,0.02,0
111,0.02,0
112,0.019,0
113,0.019,0
114,0.022,0
115,0.022,0
116,0.052000000000000005,0
117,0.052000000000000005,0
118,0.036000000000000004,0
119,0.036000000000000004,0
120,0.028,0
121,0.028,0
122,0.042,0
123,0.042,0
124,0.025,0
125,0.019,0
126,0.019,0
127,0.101,0
128,0.101,0
129,0.029,0
130,0.029,0
131,0.029,0
132,0.035,0
133,0.035,0
134,0.117,0
135,0.117,0
136,0.021,0
137,0.021,0
138,0.058,0
139,0.058,0
140,0.023,0
141,0.023,0
142,0.028,0
143,0.028,0
144,0.032,0
145,0.032,0
146,0.051,0
147,0.051,0
148,0.185,0
149,0.185,0
150,0.051,0
151,0.051,0
152,0.057,0
153,0.057,0
154,0.035,0
155,0.035,0
156,0.02,0
157,0.02,0
158,0.027000000000000003,0
159,0.027000000000000003,0
160,0.033,0
161,0.033,0
162,0.057,0
163,0.057,0
164,0.028,0
165,0.038,0
166,0.038,0
167,0.035,0
168,0.035,0
169,0.029,0
170,0.029,0
171,0.031,0
172,0.031,0
173,0.019,0
174,0.019,0
175,0.025,0
176,0.025,0
177,0.046,0
178,0.046,0
179,0.051,0
180,0.051,0
181,0.028,0
182,0.028,0
183,0.045,0
184,0.045,0
185,0.057,0
186,0.057,0
187,0.033,0
188,0.033,0
189,0.023,0
190,0.023,0
191,0.036000000000000004,0
192,0.057,0
193,0.057,0
194,0.025,0
195,0.025,0
196,0.056,0
197,0.056,0
198,0.043,0
199,0.043,0
200,0.035,0
201,0.035,0
202,0.047,0
203,0.038,0
204,0.038,0
205,0.032,0
206,0.032,0
207,0.07,0
208,0.07,0
209,0.041,0
210,0.041,0
211,0.06,0
212,0.06,0
213,0.063,0
214,0.063,0
215,0.026,0
216,0.026,0
217,0.07,0
218,0.07,0
219,0.038,0
220,0.038,0
221,0.019,0
222,0.019,0
223,0.026,0
224,0.026,0
225,0.033,0
226,0.033,0
227,0.028,0
228,0.051,0
229,0.051,0
230,0.042,0
231,0.023,0
232,0.023,0
233,0.025,0
234,0.025,0
235,0.027000000000000003,0
236,0.027000000000000003,0
237,0.031,0
238,0.031,0
239,0.031,0
240,0.031,0
241,0.022,0
242,0.022,0
243,0.022,0
244,0.022,0
245,0.038,0
246,0.038,0
247,0.02,0
248,0.02,0
249,0.036000000000000004,0
250,0.036000000000000004,0
251,0.045,0
252,0.045,0
253,0.023,0
254,0.023,0
255,0.029,0
256,0.029,0
257,0.031,0
258,0.031,0
259,0.024,0
260,0.024,0
261,0.023,0
262,0.023,0
263,0.027000000000000003,0
264,0.027000000000000003,0
265,0.023,0
266,0.023,0
267,0.07,0
268,0.07,0
269,0.042,0
270,0.042,0
271,0.032,0
272,0.032,0
273,0.044,0
274,0.044,0
275,0.051,0
276,0.051,0
277,0.035,0
278,0.035,0
279,0.032,0
280,0.032,0
281,0.02,0
282,0.02,0
283,0.042,0
284,0.042,0
285,0.049,0
286,0.032,0
287,0.032,0
288,0.026,0
289,0.026,0
290,0.023,0
291,0.023,0
292,0.035,0
293,0.035,0
294,0.052000000000000005,0
295,0.052000000000000005,0
296,0.029,0
297,0.029,0
298,0.048,0
299,0.048,0
300,0.053,0
301,0.053,0
302,0.049,0
303,0.049,0
304,0.025,0
305,0.025,0
306,0.039,0
307,0.039,0
308,0.045,0
309,0.045,0
310,0.028,0
311,0.028,0
312,0.044,0
313,0.044,0
314,0.02,0
315,0.02,0
316,0.033,0
317,0.033,0
318,0.035,0
319,0.035,0
320,0.059,0
321,0.059,0
322,0.063,0
323,0.063,0
324,0.038,0
325,0.038,0
326,0.029,0
327,0.029,0
328,0.04,0
329,0.04,0
330,0.035,0
331,0.035,0
332,0.034,0
333,0.034,0
334,0.036000000000000004,0
335,0.024,0
336,0.024,0
337,0.026,0
338,0.026,0
339,0.043,0
340,0.043,0
341,0.026,0
342,0.026,0
343,0.054000000000000006,0
344,0.054000000000000006,0
345,0.052000000000000005,0
346,0.052000000000000005,0
347,0.026,0
348,0.033,0
349,0.034,0
350,0.034,0
351,0.029,0
352,0.029,0
353,0.041,0
354,0.041,0
355,0.063,0
356,0.063,0
357,0.052000000000000005,0
358,0.052000000000000005,0
359,0.061,0
360,0.061,0
361,0.027000000000000003,0
362,0.027000000000000003,0
363,0.037000000000000005,0
364,0.035,0
365,0.035,0
366,0.035,0
367,0.051,0
368,0.04,0
369,0.065,0
370,0.065,0
371,0.07,0
372,0.07,0
373,0.029,0
374,0.029,0
375,0.034,0
376,0.034,0
377,0.02,0
378,0.02,0
379,0.03,0
380,0.03,0
381,0.04,0
382,0.04,0
383,0.019,0
384,0.019,0
385,0.039,0
386,0.039,0
387,0.055,0
388,0.055,0
389,0.035,0
390,0.035,0
391,0.048,0
392,0.048,0
393,0.058,0
394,0.058,0
395,0.05,0
396,0.05,0
397,0.091,0
398,0.091,0
399,0.096,0
400,0.096,0
401,0.052000000000000005,0
402,0.052000000000000005,0
403,0.023,0
404,0.023,0
405,0.033,0
406,0.033,0
407,0.052000000000000005,0
408,0.052000000000000005,0
409,0.048,0
410,0.048,0
411,0.069,0
412,0.069,0
413,0.091,0
414,0.091,0
415,0.052000000000000005,0
416,0.052000000000000005,0
417,0.022,0
418,0.022,0
419,0.019,0
420,0.019,0
421,0.04,0
422,0.04,0
423,0.031,0
424,0.031,0
425,0.038,0
426,0.038,0
427,0.045,0
428,0.045,0
429,0.03,0
430,0.03,0
431,0.025,0
432,0.025,0
433,0.025,0
434,0.025,0
435,0.05,0
436,0.05,0
437,0.052000000000000005,0
438,0.052000000000000005,0
439,0.052000000000000005,0
440,0.048,0
441,0.048,0
442,0.05,0
443,0.05,0
444,0.076,0
445,0.076,0
446,0.057,0
447,0.057,0
448,0.054000000000000006,0
449,0.054000000000000006,0
450,0.022,0
451,0.022,0
452,0.073,0
453,0.055,0
454,0.055,0
455,0.042,0
456,0.042,0
457,0.042,0
458,0.036000000000000004,0
459,0.073,0
460,0.066,0
461,0.057,0
462,0.057,0
463,0.03,0
464,0.03,0
465,0.085,0
466,0.085,0
467,0.048,0
468,0.048,0
469,0.036000000000000004,0
470,0.036000000000000004,0
471,0.055,0
472,0.055,0
473,0.07200000000000001,0
474,0.07200000000000001,0
475,0.091,0
476,0.091,0
477,0.055,0
478,0.063,0
479,0.063,0
480,0.045,0
481,0.045,0
482,0.039,0
483,0.057,0
484,0.039,0
485,0.039,0
486,0.039,0
487,0.039,0
488,0.066,0
489,0.066,0
490,0.055,0
491,0.055,0
492,0.059,0
493,0.059,0
494,0.033,0
495,0.068,0
496,0.068,0
497,0.084,0
498,0.084,0
499,0.044,0
500,0.044,0
501,0.048,0
502,0.048,0
503,0.102,0
504,0.102,0
505,0.057,0
506,0.057,0
507,0.057,0
508,0.069,0
509,0.114,0
510,0.114,0
511,0.068,0
512,0.068,0
513,0.065,0
514,0.065,0
515,0.062,0
516,0.062,0
517,0.048,0
518,0.048,0
519,0.1,0
520,0.1,0
521,0.062,0
522,0.062,0
523,0.062,0
524,0.083,0
525,0.083,0
526,0.06,0
527,0.07400000000000001,0
528,0.07400000000000001,0
529,0.041,0
530,0.041,0
531,0.05,0
532,0.05,0
533,0.065,0
534,0.065,0
535,0.059,0
536,0.059,0
537,0.066,0
538,0.066,0
539,0.046,0
540,0.046,0
541,0.057,0
542,0.057,0
543,0.039,0
544,0.039,0
545,0.068,0
546,0.068,0
547,0.062,0
548,0.076,0
549,0.076,0
550,0.059,0
551,0.059,0
552,0.068,0
553,0.068,0
554,0.07200000000000001,0
555,0.033,0
556,0.033,0
557,0.05,0
558,0.05,0
559,0.083,0
560,0.083,0
561,0.021,0
562,0.021,0
563,0.041,0
564,0.041,0
565,0.076,0
566,0.076,0
567,0.05,0
568,0.05,0
569,0.068,0
570,0.068,0
571,0.105,0
572,0.105,0
573,0.029,0
574,0.029,0
575,0.057,0
576,0.057,0
577,0.06,0
578,0.06,0
579,0.068,0
580,0.068,0
581,0.085,0
582,0.085,0
583,0.03,0
584,0.03,0
585,0.042,0
586,0.042,0
587,0.034,0
588,0.034,0
589,0.057,0
590,0.057,0
591,0.063,0
592,0.063,0
593,0.029,0
594,0.029,0
595,0.052000000000000005,0
596,0.052000000000000005,0
597,0.065,0
598,0.065,0
599,0.037000000000000005,0
600,0.037000000000000005,0
601,0.052000000000000005,0
602,0.052000000000000005,0
603,0.078,0
604,0.078,0
605,0.052000000000000005,0
606,0.052000000000000005,0
607,0.03,0
608,0.03,0
609,0.044,0
610,0.044,0
611,0.062,0
612,0.046,0
613,0.046,0
614,0.041,0
615,0.041,0
616,0.021,0
617,0.046,0
618,0.039,0
619,0.039,0
620,0.034,0
621,0.057,0
622,0.057,0
623,0.041,0
624,0.041,0
625,0.062,0
626,0.062,0
627,0.048,0
628,0.048,0
629,0.035,0
630,0.036000000000000004,0
631,0.036000000000000004,0
632,0.044,0
633,0.044,0
634,0.022,0
635,0.022,0
636,0.023,0
637,0.023,0
638,0.035,0
639,0.035,0
640,0.021,0
641,0.021,0
642,0.066,0
643,0.066,0
644,0.066,0
645,0.066,0
646,0.063,0
647,0.063,0
648,0.019,0
649,0.019,0
650,0.045,0
651,0.045,0
652,0.048,0
653,0.048,0
654,0.042,0
655,0.042,0
656,0.057,0
657,0.057,0
658,0.057,0
659,0.046,0
660,0.046,0
661,0.026,0
662,0.026,0
663,0.063,0
664,0.063,0
665,0.028,0
666,0.028,0
667,0.026,0
668,0.026,0
669,0.042,0
670,0.042,0
671,0.042,0
672,0.042,0
673,0.042,0
674,0.044,0
675,0.044,0
676,0.029,0
677,0.029,0
678,0.048,0
679,0.048,0
680,0.046,0
681,0.046,0
682,0.023,0
683,0.023,0
684,0.041,0
685,0.041,0
686,0.04,0
687,0.04,0
688,0.066,0
689,0.066,0
690,0.038,0
691,0.038,0
692,0.044,0
693,0.044,0
694,0.025,0
695,0.025,0
696,0.039,0
697,0.039,0
698,0.033,0
699,0.033,0
700,0.033,0
701,0.033,0
702,0.019,0
703,0.019,0
704,0.03,0
705,0.03,0
706,0.025,0
707,0.029,0
708,0.041,0
709,0.041,0
710,0.024,0
711,0.024,0
712,0.021,0
713,0.021,0
714,0.02,0
715,0.02,0
716,0.033,0
717,0.033,0
718,0.019,0
719,0.019,0
720,0.025,0
721,0.025,0
722,0.02,0
723,0.02,0
724,0.052000000000000005,0
725,0.052000000000000005,0
726,0.056,0
727,0.056,0
728,0.05,0
729,0.05,0
730,0.042,0
731,0.042,0
732,0.035,0
733,0.035,0
734,0.046,0
735,0.046,0
736,0.057,0
737,0.057,0
738,0.036000000000000004,0
739,0.036000000000000004,0
740,0.046,0
741,0.046,0
742,0.048,0
743,0.048,0
744,0.046,0
745,0.04,0
746,0.04,0
747,0.054000000000000006,0
748,0.045,0
749,0.045,0
750,0.06,0
751,0.064,0
752,0.064,0
753,0.031,0
754,0.031,0
755,0.05,0
756,0.05,0
757,0.063,0
758,0.063,0
759,0.066,0
760,0.066,0
761,0.056,0
762,0.056,0
763,0.078,0
764,0.078,0
765,0.068,0
766,0.068,0
767,0.059,0
768,0.059,0
769,0.056,0
770,0.056,0
771,0.043,0
772,0.043,0
773,0.043,0
774,0.043,0
775,0.052000000000000005,0
776,0.052000000000000005,0
777,0.05,0
778,0.05,0
779,0.062,0
780,0.062,0
781,0.05,0
782,0.05,0
783,0.046,0
784,0.052000000000000005,0
785,0.052000000000000005,0
786,0.054000000000000006,0
787,0.054000000000000006,0
788,0.08,0
789,0.08,0
790,0.04,0
791,0.04,0
792,0.056,0
793,0.056,0
794,0.054000000000000006,0
795,0.054000000000000006,0
796,0.104,0
797,0.104,0
798,0.035,0
799,0.035,0
800,0.259,0
801,0.259,0
802,0.043,0
803,0.043,0
804,0.026,0
805,0.026,0
806,0.031,0
807,0.031,0
808,0.027000000000000003,0
809,0.027000000000000003,0
810,0.028,0
811,0.028,0
812,0.029,0
813,0.028,0
814,0.028,0
815,0.03,0
816,0.03,0
817,0.031,0
818,0.031,0
819,0.028,0
820,0.028,0
821,0.032,0
822,0.032,0
823,0.033,0
824,0.033,0
825,0.029,0
826,0.032,0
0,0.01,1
1,0.01,1
2,0.006999999999999999,1
3,0.006999999999999999,1
4,0.014,1
5,0.014,1
6,0.011,1
7,0.011,1
8,0.015,1
9,0.001,1
10,0.001,1
11,0.012,1
12,0.012,1
13,0.008,1
14,0.008,1
15,0.014,1
16,0.014,1
17,0.009000000000000001,1
18,0.009000000000000001,1
19,0.002,1
20,0.002,1
21,0.001,1
22,0.001,1
23,0.003,1
24,0.003,1
25,0.002,1
26,0.002,1
27,0.006,1
28,0.006,1
29,0.003,1
30,0.004,1
31,0.004,1
32,0.005,1
33,0.005,1
34,0.014,1
35,0.014,1
36,0.001,1
37,0.001,1
38,0.005,1
39,0.005,1
40,0.004,1
41,0.004,1
42,0.005,1
43,0.005,1
44,0.004,1
45,0.004,1
46,0.005,1
47,0.005,1
48,0.004,1
49,0.004,1
50,0.004,1
51,0.004,1
52,0.005,1
53,0.005,1
54,0.005,1
55,0.005,1
56,0.004,1
57,0.004,1
58,0.006,1
59,0.006,1
60,0.014,1
61,0.014,1
62,0.016,1
63,0.016,1
64,0.005,1
65,0.005,1
66,0.004,1
67,0.003,1
68,0.003,1
69,0.004,1
70,0.004,1
71,0.004,1
72,0.004,1
73,0.005,1
74,0.005,1
75,0.011,1
76,0.011,1
77,0.004,1
78,0.004,1
79,0.016,1
80,0.018000000000000002,1
81,0.018000000000000002,1
82,0.004,1
83,0.004,1
84,0.004,1
85,0.004,1
86,0.004,1
87,0.004,1
88,0.004,1
89,0.004,1
90,0.004,1
91,0.004,1
92,0.004,1
93,0.004,1
94,0.005,1
95,0.005,1
96,0.005,1
97,0.005,1
98,0.005,1
99,0.005,1
100,0.005,1
101,0.005,1
102,0.004,1
103,0.004,1
104,0.005,1
105,0.005,1
106,0.004,1
107,0.004,1
108,0.004,1
109,0.004,1
110,0.005,1
111,0.005,1
112,0.004,1
113,0.004,1
114,0.005,1
115,0.005,1
116,0.005,1
117,0.005,1
118,0.003,1
119,0.003,1
120,0.004,1
121,0.004,1
122,0.004,1
123,0.004,1
124,0.004,1
125,0.004,1
126,0.004,1
127,0.005,1
128,0.005,1
129,0.004,1
130,0.004,1
131,0.004,1
132,0.004,1
133,0.005,1
134,0.005,1
135,0.004,1
136,0.004,1
137,0.005,1
138,0.005,1
139,0.004,1
140,0.004,1
141,0.004,1
142,0.004,1
143,0.004,1
144,0.004,1
145,0.003,1
146,0.003,1
147,0.004,1
148,0.004,1
149,0.005,1
150,0.005,1
151,0.005,1
152,0.005,1
153,0.004,1
154,0.004,1
155,0.004,1
156,0.004,1
157,0.004,1
158,0.004,1
159,0.005,1
160,0.005,1
161,0.004,1
162,0.004,1
163,0.005,1
164,0.005,1
165,0.004,1
166,0.004,1
167,0.004,1
168,0.004,1
169,0.004,1
170,0.004,1
171,0.004,1
172,0.004,1
173,0.006,1
174,0.006,1
175,0.004,1
176,0.004,1
177,0.006,1
178,0.006,1
179,0.005,1
180,0.005,1
181,0.005,1
182,0.005,1
183,0.004,1
184,0.004,1
185,0.004,1
186,0.004,1
187,0.005,1
188,0.005,1
189,0.004,1
190,0.005,1
191,0.005,1
192,0.005,1
193,0.005,1
194,0.005,1
195,0.005,1
196,0.004,1
197,0.004,1
198,0.006,1
199,0.006,1
200,0.005,1
201,0.005,1
202,0.006,1
203,0.006,1
204,0.015,1
205,0.015,1
206,0.013,1
207,0.013,1
208,0.005,1
209,0.005,1
210,0.009000000000000001,1
211,0.009000000000000001,1
212,0.016,1
213,0.016,1
214,0.008,1
215,0.009000000000000001,1
216,0.009000000000000001,1
217,0.017,1
218,0.017,1
219,0.013,1
220,0.013,1
221,0.004,1
222,0.004,1
223,0.016,1
224,0.016,1
225,0.012,1
226,0.012,1
227,0.015,1
228,0.006,1
229,0.006,1
230,0.01,1
231,0.01,1
232,0.012,1
233,0.012,1
234,0.008,1
235,0.008,1
236,0.01,1
237,0.01,1
238,0.01,1
239,0.01,1
240,0.005,1
241,0.011,1
242,0.011,1
243,0.016,1
244,0.016,1
245,0.004,1
246,0.004,1
247,0.012,1
248,0.012,1
249,0.01,1
250,0.01,1
251,0.015,1
252,0.015,1
253,0.016,1
254,0.016,1
255,0.013,1
256,0.013,1
257,0.018000000000000002,1
258,0.018000000000000002,1
259,0.017,1
260,0.017,1
261,0.018000000000000002,1
262,0.003,1
263,0.003,1
264,0.001,1
265,0.008,1
266,0.008,1
267,0.006999999999999999,1
268,0.006999999999999999,1
269,0.008,1
270,0.008,1
271,0.008,1
272,0.008,1
273,0.008,1
274,0.008,1
275,0.008,1
276,0.008,1
277,0.008,1
278,0.008,1
279,0.008,1
280,0.008,1
281,0.006999999999999999,1
282,0.006999999999999999,1
283,0.008,1
284,0.008,1
285,0.015,1
286,0.015,1
287,0.016,1
288,0.016,1
289,0.017,1
290,0.017,1
291,0.016,1
292,0.016,1
293,0.017,1
294,0.017,1
295,0.013,1
296,0.013,1
297,0.018000000000000002,1
298,0.018000000000000002,1
299,0.014,1
300,0.014,1
301,0.014,1
302,0.014,1
303,0.003,1
304,0.003,1
305,0.011,1
306,0.011,1
307,0.012,1
308,0.012,1
309,0.013,1
310,0.013,1
311,0.011,1
312,0.011,1
313,0.013,1
314,0.013,1
315,0.013,1
316,0.013,1
317,0.012,1
318,0.012,1
319,0.013,1
320,0.013,1
321,0.013,1
322,0.013,1
323,0.015,1
324,0.015,1
325,0.015,1
326,0.015,1
327,0.012,1
328,0.014,1
329,0.012,1
330,0.012,1
331,0.008,1
332,0.008,1
333,0.013,1
334,0.013,1
335,0.013,1
336,0.013,1
337,0.011,1
338,0.011,1
339,0.013,1
340,0.013,1
341,0.011,1
342,0.011,1
343,0.012,1
344,0.012,1
345,0.013,1
346,0.013,1
347,0.013,1
348,0.013,1
349,0.014,1
350,0.014,1
351,0.015,1
352,0.015,1
353,0.012,1
354,0.012,1
355,0.014,1
356,0.014,1
357,0.013,1
358,0.013,1
359,0.012,1
360,0.012,1
361,0.011,1
362,0.011,1
363,0.013,1
364,0.013,1
365,0.012,1
366,0.012,1
367,0.011,1
368,0.011,1
369,0.013,1
370,0.013,1
371,0.01,1
372,0.01,1
373,0.013,1
374,0.013,1
375,0.011,1
376,0.011,1
377,0.011,1
378,0.011,1
379,0.013,1
380,0.013,1
381,0.012,1
382,0.012,1
383,0.013,1
384,0.013,1
385,0.013,1
386,0.013,1
387,0.013,1
388,0.013,1
389,0.012,1
390,0.012,1
391,0.014,1
392,0.012,1
393,0.012,1
394,0.012,1
395,0.012,1
396,0.013,1
397,0.013,1
398,0.01,1
399,0.01,1
400,0.011,1
401,0.011,1
402,0.003,1
403,0.003,1
404,0.013,1
405,0.013,1
406,0.014,1
407,0.014,1
408,0.012,1
409,0.012,1
410,0.012,1
411,0.012,1
412,0.013,1
413,0.013,1
414,0.01,1
415,0.01,1
416,0.013,1
417,0.013,1
418,0.01,1
419,0.01,1
420,0.011,1
421,0.011,1
422,0.012,1
423,0.012,1
424,0.011,1
425,0.011,1
426,0.01,1
427,0.01,1
428,0.011,1
429,0.011,1
430,0.011,1
431,0.011,1
432,0.012,1
433,0.012,1
434,0.011,1
435,0.011,1
436,0.013,1
437,0.013,1
438,0.011,1
439,0.011,1
440,0.01,1
441,0.01,1
442,0.011,1
443,0.011,1
444,0.01,1
445,0.01,1
446,0.014,1
447,0.014,1
448,0.009000000000000001,1
449,0.009000000000000001,1
450,0.009000000000000001,1
451,0.009000000000000001,1
452,0.011,1
453,0.011,1
454,0.009000000000000001,1
455,0.013,1
456,0.013,1
457,0.011,1
458,0.011,1
459,0.012,1
460,0.012,1
461,0.012,1
462,0.012,1
463,0.015,1
464,0.015,1
465,0.011,1
466,0.011,1
467,0.012,1
468,0.012,1
469,0.009000000000000001,1
470,0.009000000000000001,1
471,0.011,1
472,0.011,1
473,0.012,1
474,0.012,1
475,0.01,1
476,0.01,1
477,0.01,1
478,0.01,1
479,0.011,1
480,0.011,1
481,0.011,1
482,0.009000000000000001,1
483,0.01,1
484,0.01,1
485,0.011,1
486,0.011,1
487,0.01,1
488,0.01,1
489,0.009000000000000001,1
490,0.009000000000000001,1
491,0.01,1
492,0.01,1
493,0.011,1
494,0.012,1
495,0.009000000000000001,1
496,0.009000000000000001,1
497,0.013,1
498,0.013,1
499,0.01,1
500,0.01,1
501,0.011,1
502,0.011,1
503,0.01,1
504,0.01,1
505,0.014,1
506,0.014,1
507,0.013,1
508,0.013,1
509,0.013,1
510,0.013,1
511,0.012,1
512,0.012,1
513,0.011,1
514,0.011,1
515,0.011,1
516,0.013,1
517,0.013,1
518,0.011,1
519,0.011,1
520,0.009000000000000001,1
521,0.009000000000000001,1
522,0.01,1
523,0.01,1
524,0.012,1
525,0.012,1
526,0.011,1
527,0.011,1
528,0.012,1
529,0.014,1
530,0.014,1
531,0.01,1
532,0.01,1
533,0.011,1
534,0.011,1
535,0.011,1
536,0.011,1
537,0.011,1
538,0.011,1
539,0.012,1
540,0.012,1
541,0.012,1
542,0.012,1
543,0.013,1
544,0.013,1
545,0.01,1
546,0.01,1
547,0.008,1
548,0.008,1
549,0.011,1
550,0.011,1
551,0.013,1
552,0.013,1
553,0.011,1
554,0.011,1
555,0.01,1
556,0.01,1
557,0.011,1
558,0.011,1
559,0.01,1
560,0.01,1
561,0.014,1
562,0.014,1
563,0.011,1
564,0.011,1
565,0.012,1
566,0.012,1
567,0.01,1
568,0.01,1
569,0.012,1
570,0.012,1
571,0.012,1
572,0.012,1
573,0.011,1
574,0.011,1
575,0.012,1
576,0.012,1
577,0.01,1
578,0.01,1
579,0.011,1
580,0.012,1
581,0.012,1
582,0.011,1
583,0.011,1
584,0.012,1
585,0.012,1
586,0.01,1
587,0.01,1
588,0.011,1
589,0.012,1
590,0.012,1
591,0.012,1
592,0.009000000000000001,1
593,0.009000000000000001,1
594,0.011,1
595,0.011,1
596,0.012,1
597,0.012,1
598,0.012,1
599,0.012,1
600,0.011,1
601,0.012,1
602,0.012,1
603,0.01,1
604,0.01,1
605,0.012,1
606,0.013,1
607,0.013,1
608,0.01,1
609,0.01,1
610,0.012,1
611,0.012,1
612,0.012,1
613,0.008,1
614,0.011,1
615,0.011,1
616,0.012,1
617,0.012,1
618,0.016,1
619,0.011,1
620,0.011,1
621,0.013,1
622,0.012,1
623,0.013,1
624,0.013,1
625,0.013,1
626,0.013,1
627,0.013,1
628,0.011,1
629,0.012,1
630,0.012,1
631,0.013,1
632,0.013,1
633,0.011,1
634,0.011,1
635,0.012,1
636,0.012,1
637,0.011,1
638,0.011,1
639,0.013,1
640,0.013,1
641,0.012,1
642,0.012,1
643,0.012,1
644,0.012,1
645,0.011,1
646,0.011,1
647,0.012,1
648,0.012,1
649,0.014,1
650,0.014,1
651,0.011,1
652,0.011,1
653,0.012,1
654,0.012,1
655,0.012,1
656,0.012,1
657,0.014,1
658,0.014,1
659,0.011,1
660,0.01,1
661,0.01,1
662,0.013,1
663,0.013,1
664,0.012,1
665,0.012,1
666,0.014,1
667,0.014,1
668,0.013,1
669,0.013,1
670,0.013,1
671,0.013,1
672,0.012,1
673,0.012,1
674,0.012,1
675,0.012,1
676,0.013,1
677,0.013,1
678,0.011,1
679,0.011,1
680,0.013,1
681,0.013,1
682,0.012,1
683,0.012,1
684,0.015,1
685,0.015,1
686,0.013,1
687,0.013,1
688,0.012,1
689,0.012,1
690,0.011,1
691,0.011,1
692,0.009000000000000001,1
693,0.012,1
694,0.011,1
695,0.011,1
696,0.014,1
697,0.014,1
698,0.011,1
699,0.011,1
700,0.012,1
701,0.012,1
702,0.011,1
703,0.011,1
704,0.013,1
705,0.013,1
706,0.012,1
707,0.012,1
708,0.012,1
709,0.012,1
710,0.011,1
711,0.011,1
712,0.013,1
713,0.013,1
714,0.014,1
715,0.014,1
716,0.013,1
717,0.013,1
718,0.013,1
719,0.013,1
720,0.012,1
721,0.012,1
722,0.013,1
723,0.013,1
724,0.013,1
725,0.013,1
726,0.012,1
727,0.012,1
728,0.013,1
729,0.013,1
730,0.013,1
731,0.013,1
732,0.013,1
733,0.013,1
734,0.011,1
735,0.011,1
736,0.013,1
737,0.013,1
738,0.011,1
739,0.011,1
740,0.013,1
741,0.013,1
742,0.011,1
743,0.011,1
744,0.012,1
745,0.012,1
746,0.012,1
747,0.012,1
748,0.014,1
749,0.014,1
750,0.012,1
751,0.012,1
752,0.012,1
753,0.012,1
754,0.013,1
755,0.013,1
756,0.013,1
757,0.014,1
758,0.014,1
759,0.012,1
760,0.012,1
761,0.012,1
762,0.012,1
763,0.012,1
764,0.012,1
765,0.011,1
766,0.011,1
767,0.012,1
768,0.012,1
769,0.012,1
770,0.012,1
771,0.012,1
772,0.012,1
773,0.013,1
774,0.013,1
775,0.012,1
776,0.012,1
777,0.01,1
778,0.01,1
779,0.014,1
780,0.014,1
781,0.015,1
782,0.013,1
783,0.013,1
784,0.015,1
785,0.015,1
786,0.011,1
787,0.012,1
788,0.012,1
789,0.01,1
790,0.01,1
791,0.012,1
792,0.012,1
793,0.012,1
794,0.012,1
795,0.014,1
796,0.014,1
797,0.012,1
798,0.012,1
799,0.014,1
800,0.014,1
801,0.011,1
802,0.011,1
803,0.015,1
804,0.015,1
805,0.01,1
806,0.01,1
807,0.015,1
808,0.015,1
809,0.013,1
810,0.013,1
811,0.013,1
812,0.013,1
813,0.013,1
814,0.013,1
815,0.012,1
816,0.012,1
817,0.012,1
818,0.012,1
819,0.013,1
820,0.012,1
821,0.012,1
822,0.013,1
823,0.013,1
824,0.013,1
825,0.013,1
826,0.013,1
827,0.013,1
828,0.011,1
829,0.011,1
830,0.013,1
831,0.013,1
832,0.013,1
833,0.013,1
834,0.011,1
835,0.011,1
836,0.014,1
837,0.014,1
838,0.012,1
839,0.012,1
840,0.013,1
841,0.013,1
842,0.014,1
843,0.014,1
844,0.013,1
845,0.013,1
846,0.014,1
847,0.014,1
848,0.013,1
849,0.013,1
850,0.014,1
851,0.014,1
852,0.015,1
853,0.015,1
854,0.013,1
855,0.013,1
856,0.012,1
857,0.012,1
858,0.013,1
859,0.012,1
860,0.012,1
861,0.013,1
862,0.013,1
863,0.015,1
864,0.015,1
865,0.013,1
866,0.013,1
867,0.014,1
868,0.014,1
869,0.012,1
870,0.012,1
871,0.012,1
872,0.012,1
873,0.015,1
874,0.015,1
875,0.011,1
876,0.011,1
877,0.013,1
878,0.013,1
879,0.014,1
880,0.014,1
881,0.013,1
882,0.013,1
883,0.013,1
884,0.011,1
885,0.011,1
886,0.013,1
887,0.013,1
888,0.015,1
889,0.015,1
890,0.012,1
891,0.012,1
892,0.011,1
893,0.011,1
894,0.014,1
895,0.014,1
896,0.012,1
897,0.012,1
898,0.012,1
899,0.012,1
900,0.012,1
901,0.012,1
902,0.013,1
903,0.013,1
904,0.015,1
905,0.015,1
906,0.013,1
907,0.013,1
908,0.013,1
909,0.013,1
910,0.014,1
911,0.014,1
912,0.012,1
913,0.012,1
914,0.013,1
915,0.013,1
916,0.013,1
917,0.013,1
918,0.013,1
919,0.013,1
920,0.016,1
921,0.016,1
922,0.001,1
923,0.001,1
924,0.006999999999999999,1
925,0.006999999999999999,1
926,0.008,1
927,0.008,1
928,0.008,1
929,0.008,1
930,0.006999999999999999,1
931,0.006999999999999999,1
932,0.008,1
933,0.008,1
934,0.006999999999999999,1
935,0.006999999999999999,1
936,0.008,1
937,0.008,1
938,0.009000000000000001,1
939,0.009000000000000001,1
940,0.009000000000000001,1
941,0.008,1
942,0.008,1
943,0.011,1
944,0.011,1
945,0.006999999999999999,1
946,0.008,1
947,0.008,1
948,0.008,1
949,0.009000000000000001,1
950,0.009000000000000001,1
951,0.008,1
952,0.008,1
953,0.006999999999999999,1
954,0.006999999999999999,1
955,0.009000000000000001,1
956,0.009000000000000001,1
957,0.006999999999999999,1
958,0.006999999999999999,1
959,0.008,1
960,0.008,1
961,0.008,1
962,0.01,1
963,0.01,1
964,0.009000000000000001,1
965,0.009000000000000001,1
966,0.009000000000000001,1
967,0.009000000000000001,1
968,0.008,1
969,0.006999999999999999,1
970,0.006999999999999999,1
971,0.008,1
972,0.008,1
973,0.006999999999999999,1
974,0.006999999999999999,1
975,0.006,1
976,0.006999999999999999,1
977,0.006999999999999999,1
978,0.006999999999999999,1
979,0.008,1
980,0.008,1
981,0.008,1
982,0.008,1
983,0.006999999999999999,1
984,0.012,1
985,0.012,1
986,0.018000000000000002,1
987,0.018000000000000002,1
988,0.017,1
989,0.017,1
990,0.015,1
991,0.015,1
992,0.018000000000000002,1
993,0.015,1
994,0.015,1
995,0.015,1
996,0.006999999999999999,1
997,0.006999999999999999,1
998,0.006,1
999,0.006,1
1000,0.005,1
1001,0.005,1
1002,0.006,1
1003,0.006,1
1004,0.005,1
1005,0.005,1
1006,0.006999999999999999,1
1007,0.006999999999999999,1
1008,0.005,1
1009,0.005,1
1010,0.008,1
1011,0.008,1
1012,0.005,1
1013,0.005,1
1014,0.005,1
1015,0.005,1
1016,0.018000000000000002,1
1017,0.018000000000000002,1
1018,0.008,1
1019,0.008,1
1020,0.004,1
1021,0.004,1
1022,0.008,1
1023,0.008,1
1024,0.005,1
1025,0.005,1
1026,0.005,1
1027,0.005,1
1028,0.008,1
1029,0.008,1
1030,0.006,1
1031,0.006,1
1032,0.008,1
1033,0.008,1
1034,0.008,1
1035,0.008,1
1036,0.006999999999999999,1
1037,0.006999999999999999,1
1038,0.006999999999999999,1
1039,0.006999999999999999,1
1040,0.006,1
1041,0.006,1
1042,0.006999999999999999,1
1043,0.006999999999999999,1
1044,0.006999999999999999,1
1045,0.006999999999999999,1
1046,0.006,1
1047,0.006999999999999999,1
1048,0.006999999999999999,1
1049,0.008,1
1050,0.008,1
1051,0.006999999999999999,1
1052,0.006999999999999999,1
1053,0.006999999999999999,1
1054,0.008,1
1055,0.008,1
1056,0.008,1
1057,0.008,1
1058,0.008,1
1059,0.008,1
1060,0.006999999999999999,1
1061,0.006999999999999999,1
1062,0.006999999999999999,1
1063,0.006999999999999999,1
1064,0.008,1
1065,0.008,1
1066,0.001,1
1067,0.001,1
1068,0.006999999999999999,1
1069,0.006999999999999999,1
1070,0.006999999999999999,1
1071,0.006999999999999999,1
1072,0.006,1
1073,0.006,1
1074,0.006,1
1075,0.006,1
1076,0.006999999999999999,1
1077,0.006999999999999999,1
1078,0.002,1
1079,0.002,1
1080,0.006999999999999999,1
1081,0.006999999999999999,1
1082,0.006999999999999999,1
1083,0.006999999999999999,1
1084,0.006,1
1085,0.006,1
1086,0.006999999999999999,1
1087,0.006999999999999999,1
1088,0.006999999999999999,1
1089,0.002,1
1090,0.002,1
1091,0.006999999999999999,1
1092,0.006999999999999999,1
1093,0.006999999999999999,1
1094,0.006,1
1095,0.006,1
1096,0.006999999999999999,1
1097,0.006999999999999999,1
1098,0.006,1
1099,0.006,1
1100,0.006,1
1101,0.006,1
1102,0.006999999999999999,1
1103,0.006999999999999999,1
1104,0.006,1
1105,0.006,1
1106,0.005,1
1107,0.005,1
1108,0.006,1
1109,0.006,1
1110,0.008,1
1111,0.008,1
1112,0.008,1
1113,0.008,1
1114,0.006,1
1115,0.006,1
1116,0.005,1
1117,0.005,1
1118,0.005,1
1119,0.005,1
1120,0.006,1
1121,0.006,1
1122,0.005,1
1123,0.005,1
1124,0.006999999999999999,1
1125,0.006999999999999999,1
1126,0.006,1
1127,0.006,1
1128,0.006,1
1129,0.006,1
1130,0.006999999999999999,1
1131,0.006999999999999999,1
1132,0.006999999999999999,1
1133,0.006999999999999999,1
1134,0.006999999999999999,1
1135,0.006999999999999999,1
1136,0.008,1
1137,0.008,1
1138,0.006,1
1139,0.006,1
1140,0.006999999999999999,1
1141,0.006999999999999999,1
1142,0.006999999999999999,1
1143,0.006,1
1144,0.006999999999999999,1
1145,0.006999999999999999,1
1146,0.008,1
1147,0.008,1
1148,0.006,1
1149,0.006,1
1150,0.006999999999999999,1
1151,0.006999999999999999,1
1152,0.006999999999999999,1
1153,0.006999999999999999,1
1154,0.006999999999999999,1
1155,0.006,1
1156,0.006999999999999999,1
1157,0.006999999999999999,1
1158,0.006,1
1159,0.006,1
1160,0.006999999999999999,1
1161,0.006999999999999999,1
1162,0.006999999999999999,1
1163,0.006999999999999999,1
1164,0.006999999999999999,1
1165,0.006999999999999999,1
1166,0.006,1
1167,0.008,1
1168,0.008,1
1169,0.006999999999999999,1
1170,0.006999999999999999,1
1171,0.006999999999999999,1
1172,0.006,1
1173,0.006,1
1174,0.006999999999999999,1
1175,0.006999999999999999,1
1176,0.006999999999999999,1
1177,0.006999999999999999,1
1178,0.006,1
1179,0.006,1
1180,0.006999999999999999,1
1181,0.006999999999999999,1
1182,0.006999999999999999,1
1183,0.006999999999999999,1
1184,0.006999999999999999,1
1185,0.006999999999999999,1
1186,0.006999999999999999,1
1187,0.006999999999999999,1
1188,0.008,1
1189,0.008,1
1190,0.006999999999999999,1
1191,0.006999999999999999,1
1192,0.006999999999999999,1
1193,0.006999999999999999,1
1194,0.006999999999999999,1
1195,0.006999999999999999,1
1196,0.006999999999999999,1
1197,0.006999999999999999,1
1198,0.005,1
1199,0.005,1
1200,0.006999999999999999,1
1201,0.008,1
1202,0.008,1
1203,0.006999999999999999,1
1204,0.006999999999999999,1
1205,0.006,1
1206,0.006,1
1207,0.006,1
1208,0.006,1
1209,0.006,1
1210,0.006,1
1211,0.006999999999999999,1
1212,0.006999999999999999,1
1213,0.008,1
1214,0.008,1
1215,0.006999999999999999,1
1216,0.006999999999999999,1
1217,0.008,1
1218,0.008,1
1219,0.006999999999999999,1
1220,0.006999999999999999,1
1221,0.006999999999999999,1
1222,0.006999999999999999,1
1223,0.006999999999999999,1
1224,0.006999999999999999,1
1225,0.006999999999999999,1
1226,0.006999999999999999,1
1227,0.006999999999999999,1
1228,0.006999999999999999,1
1229,0.006999999999999999,1
1230,0.006999999999999999,1
1231,0.008,1
1232,0.008,1
1233,0.008,1
1234,0.008,1
1235,0.008,1
1236,0.008,1
1237,0.006,1
1238,0.006,1
1239,0.008,1
1240,0.008,1
1241,0.008,1
1242,0.008,1
1243,0.008,1
1244,0.008,1
1245,0.006999999999999999,1
1246,0.006999999999999999,1
1247,0.006999999999999999,1
1248,0.006999999999999999,1
1249,0.006999999999999999,1
1250,0.006999999999999999,1
1251,0.006999999999999999,1
1252,0.008,1
1253,0.008,1
1254,0.006999999999999999,1
1255,0.006999999999999999,1
1256,0.006999999999999999,1
1257,0.006999999999999999,1
1258,0.006999999999999999,1
1259,0.006999999999999999,1
1260,0.006,1
1261,0.006,1
1262,0.008,1
1263,0.008,1
1264,0.008,1
1265,0.006,1
1266,0.006,1
1267,0.006,1
1268,0.006,1
1269,0.008,1
1270,0.008,1
1271,0.006999999999999999,1
1272,0.006999999999999999,1
1273,0.006999999999999999,1
1274,0.006999999999999999,1
1275,0.008,1
1276,0.008,1
1277,0.008,1
1278,0.008,1
1279,0.008,1
1280,0.006999999999999999,1
1281,0.006999999999999999,1
1282,0.006999999999999999,1
1283,0.006999999999999999,1
1284,0.006999999999999999,1
1285,0.006999999999999999,1
1286,0.006999999999999999,1
1287,0.006999999999999999,1
1288,0.006,1
1289,0.006,1
1290,0.009000000000000001,1
1291,0.009000000000000001,1
1292,0.006999999999999999,1
1293,0.006999999999999999,1
1294,0.008,1
1295,0.008,1
1296,0.006999999999999999,1
1297,0.006999999999999999,1
1298,0.006999999999999999,1
1299,0.006999999999999999,1
1300,0.006999999999999999,1
1301,0.006999999999999999,1
1302,0.008,1
1303,0.006999999999999999,1
1304,0.006999999999999999,1
1305,0.006999999999999999,1
1306,0.008,1
1307,0.008,1
1308,0.006,1
1309,0.006,1
1310,0.006999999999999999,1
1311,0.006999999999999999,1
1312,0.006999999999999999,1
1313,0.008,1
1314,0.008,1
1315,0.006999999999999999,1
1316,0.006999999999999999,1
1317,0.008,1
1318,0.008,1
1319,0.008,1
1320,0.008,1
1321,0.008,1
1322,0.008,1
1323,0.006999999999999999,1
1324,0.006999999999999999,1
1325,0.006999999999999999,1
1326,0.006999999999999999,1
1327,0.006999999999999999,1
1328,0.008,1
1329,0.008,1
1330,0.006999999999999999,1
1331,0.006999999999999999,1
1332,0.006999999999999999,1
1333,0.006999999999999999,1
1334,0.006999999999999999,1
1335,0.006999999999999999,1
1336,0.008,1
1337,0.008,1
1338,0.008,1
1339,0.008,1
1340,0.006,1
1341,0.006,1
1342,0.008,1
1343,0.008,1
1344,0.006999999999999999,1
1345,0.006999999999999999,1
1346,0.008,1
1347,0.008,1
1348,0.01,1
1349,0.01,1
1350,0.008,1
1351,0.008,1
1352,0.008,1
1353,0.008,1
1354,0.009000000000000001,1
1355,0.009000000000000001,1
1356,0.008,1
1357,0.008,1
1358,0.006999999999999999,1
1359,0.009000000000000001,1
1360,0.009000000000000001,1
1361,0.008,1
1362,0.008,1
1363,0.008,1
1364,0.008,1
1365,0.009000000000000001,1
1366,0.009000000000000001,1
1367,0.008,1
1368,0.008,1
1369,0.008,1
1370,0.008,1
1371,0.009000000000000001,1
1372,0.009000000000000001,1
1373,0.008,1
1374,0.008,1
1375,0.009000000000000001,1
1376,0.009000000000000001,1
1377,0.006999999999999999,1
1378,0.006999999999999999,1
1379,0.008,1
1380,0.008,1
1381,0.008,1
1382,0.008,1
1383,0.006999999999999999,1
1384,0.006999999999999999,1
1385,0.009000000000000001,1
1386,0.009000000000000001,1
1387,0.008,1
1388,0.008,1
1389,0.006,1
1390,0.008,1
1391,0.008,1
1392,0.008,1
1393,0.01,1
1394,0.01,1
1395,0.01,1
1396,0.01,1
1397,0.008,1
1398,0.008,1
1399,0.006999999999999999,1
1400,0.006999999999999999,1
1401,0.009000000000000001,1
1402,0.009000000000000001,1
1403,0.009000000000000001,1
1404,0.01,1
1405,0.01,1
1406,0.01,1
1407,0.008,1
1408,0.009000000000000001,1
1409,0.008,1
1410,0.009000000000000001,1
1411,0.009000000000000001,1
1412,0.008,1
1413,0.008,1
1414,0.009000000000000001,1
1415,0.009000000000000001,1
1416,0.009000000000000001,1
1417,0.009000000000000001,1
1418,0.01,1
1419,0.01,1
1420,0.008,1
1421,0.008,1
1422,0.008,1
1423,0.008,1
1424,0.009000000000000001,1
1425,0.009000000000000001,1
1426,0.006,1
1427,0.006,1
1428,0.006999999999999999,1
1429,0.006999999999999999,1
1430,0.009000000000000001,1
1431,0.009000000000000001,1
1432,0.009000000000000001,1
1433,0.009000000000000001,1
1434,0.009000000000000001,1
1435,0.006,1
1436,0.006,1
1437,0.009000000000000001,1
1438,0.009000000000000001,1
1439,0.008,1
1440,0.008,1
1441,0.009000000000000001,1
1442,0.009000000000000001,1
1443,0.011,1
1444,0.009000000000000001,1
1445,0.009000000000000001,1
1446,0.009000000000000001,1
1447,0.009000000000000001,1
1448,0.011,1
1449,0.011,1
1450,0.008,1
1451,0.008,1
1452,0.011,1
1453,0.008,1
1454,0.008,1
1455,0.008,1
1456,0.008,1
1457,0.009000000000000001,1
1458,0.009000000000000001,1
1459,0.008,1
1460,0.008,1
1461,0.009000000000000001,1
1462,0.009000000000000001,1
1463,0.01,1
1464,0.01,1
1465,0.006999999999999999,1
1466,0.006999999999999999,1
1467,0.009000000000000001,1
1468,0.009000000000000001,1
1469,0.009000000000000001,1
1470,0.009000000000000001,1
1471,0.008,1
1472,0.008,1
1473,0.01,1
1474,0.01,1
1475,0.008,1
1476,0.008,1
1477,0.006999999999999999,1
1478,0.006999999999999999,1
1479,0.009000000000000001,1
1480,0.009000000000000001,1
1481,0.008,1
1482,0.008,1
1483,0.008,1
1484,0.008,1
1485,0.01,1
1486,0.009000000000000001,1
1487,0.009000000000000001,1
1488,0.01,1
1489,0.01,1
1490,0.009000000000000001,1
1491,0.009000000000000001,1
1492,0.009000000000000001,1
1493,0.009000000000000001,1
1494,0.006999999999999999,1
1495,0.006999999999999999,1
1496,0.008,1
1497,0.008,1
1498,0.009000000000000001,1
1499,0.009000000000000001,1
1500,0.008,1
1501,0.009000000000000001,1
1502,0.009000000000000001,1
1503,0.01,1
1504,0.008,1
1505,0.008,1
1506,0.011,1
1507,0.011,1
1508,0.006999999999999999,1
1509,0.006999999999999999,1
1510,0.009000000000000001,1
1511,0.009000000000000001,1
1512,0.006999999999999999,1
1513,0.006999999999999999,1
1514,0.008,1
1515,0.008,1
1516,0.009000000000000001,1
1517,0.009000000000000001,1
1518,0.01,1
1519,0.01,1
1520,0.01,1
1521,0.01,1
1522,0.009000000000000001,1
1523,0.009000000000000001,1
1524,0.01,1
1525,0.01,1
1526,0.011,1
1527,0.011,1
1528,0.01,1
1529,0.01,1
1530,0.009000000000000001,1
1531,0.009000000000000001,1
1532,0.009000000000000001,1
1533,0.009000000000000001,1
1534,0.009000000000000001,1
1535,0.009000000000000001,1
1536,0.009000000000000001,1
1537,0.009000000000000001,1
1538,0.009000000000000001,1
1539,0.009000000000000001,1
1540,0.009000000000000001,1
1541,0.009000000000000001,1
1542,0.01,1
1543,0.01,1
1544,0.008,1
1545,0.008,1
1546,0.01,1
1547,0.01,1
1548,0.006999999999999999,1
1549,0.006999999999999999,1
1550,0.009000000000000001,1
1551,0.009000000000000001,1
1552,0.01,1
1553,0.01,1
1554,0.009000000000000001,1
1555,0.009000000000000001,1
1556,0.009000000000000001,1
1557,0.009000000000000001,1
1558,0.01,1
1559,0.01,1
1560,0.011,1
1561,0.011,1
1562,0.01,1
1563,0.01,1
1564,0.009000000000000001,1
1565,0.008,1
1566,0.01,1
1567,0.008,1
1568,0.01,1
1569,0.008,1
1570,0.008,1
1571,0.009000000000000001,1
1572,0.009000000000000001,1
1573,0.011,1
1574,0.011,1
1575,0.01,1
1576,0.01,1
1577,0.01,1
1578,0.01,1
1579,0.009000000000000001,1
1580,0.009000000000000001,1
1581,0.008,1
1582,0.008,1
1583,0.01,1
1584,0.01,1
1585,0.008,1
1586,0.008,1
1587,0.01,1
1588,0.01,1
1589,0.009000000000000001,1
1590,0.009000000000000001,1
1591,0.008,1
1592,0.008,1
1593,0.008,1
1594,0.008,1
1595,0.009000000000000001,1
1596,0.009000000000000001,1
1597,0.009000000000000001,1
1598,0.009000000000000001,1
1599,0.01,1
1600,0.01,1
1601,0.012,1
1602,0.012,1
1603,0.01,1
1604,0.01,1
1605,0.011,1
1606,0.011,1
1607,0.008,1
1608,0.008,1
1609,0.011,1
1610,0.011,1
1611,0.011,1
1612,0.011,1
1613,0.009000000000000001,1
1614,0.009000000000000001,1
1615,0.012,1
1616,0.012,1
1617,0.01,1
1618,0.01,1
1619,0.009000000000000001,1
1620,0.009000000000000001,1
1621,0.008,1
1622,0.008,1
1623,0.006999999999999999,1
1624,0.006999999999999999,1
1625,0.01,1
1626,0.009000000000000001,1
1627,0.009000000000000001,1
1628,0.012,1
1629,0.01,1
1630,0.01,1
1631,0.009000000000000001,1
1632,0.009000000000000001,1
1633,0.009000000000000001,1
1634,0.009000000000000001,1
1635,0.009000000000000001,1
1636,0.009000000000000001,1
1637,0.012,1
1638,0.012,1
1639,0.01,1
1640,0.01,1
1641,0.009000000000000001,1
1642,0.009000000000000001,1
1643,0.009000000000000001,1
1644,0.008,1
1645,0.008,1
1646,0.012,1
1647,0.012,1
1648,0.01,1
1649,0.008,1
1650,0.008,1
1651,0.01,1
1652,0.01,1
1653,0.009000000000000001,1
1654,0.009000000000000001,1
1655,0.01,1
1656,0.01,1
1657,0.01,1
1658,0.01,1
1659,0.009000000000000001,1
1660,0.009000000000000001,1
1661,0.012,1
1662,0.012,1
1663,0.009000000000000001,1
1664,0.009000000000000001,1
1665,0.011,1
1666,0.011,1
1667,0.01,1
1668,0.01,1
1669,0.009000000000000001,1
1670,0.009000000000000001,1
1671,0.009000000000000001,1
1672,0.009000000000000001,1
1673,0.008,1
1674,0.008,1
1675,0.009000000000000001,1
1676,0.009000000000000001,1
1677,0.009000000000000001,1
1678,0.009000000000000001,1
1679,0.009000000000000001,1
1680,0.009000000000000001,1
1681,0.008,1
1682,0.008,1
1683,0.009000000000000001,1
1684,0.009000000000000001,1
1685,0.011,1
1686,0.01,1
1687,0.01,1
1688,0.011,1
1689,0.011,1
1690,0.009000000000000001,1
1691,0.009000000000000001,1
1692,0.008,1
1693,0.008,1
1694,0.012,1
1695,0.012,1
1696,0.01,1
1697,0.01,1
1698,0.009000000000000001,1
1699,0.009000000000000001,1
1700,0.011,1
1701,0.011,1
1702,0.008,1
1703,0.008,1
1704,0.009000000000000001,1
1705,0.009000000000000001,1
1706,0.01,1
1707,0.01,1
1708,0.01,1
1709,0.01,1
1710,0.008,1
1711,0.008,1
1712,0.009000000000000001,1
1713,0.009000000000000001,1
1714,0.008,1
1715,0.008,1
1716,0.01,1
1717,0.01,1
1718,0.011,1
1719,0.011,1
1720,0.008,1
1721,0.008,1
1722,0.008,1
1723,0.009000000000000001,1
1724,0.009000000000000001,1
1725,0.009000000000000001,1
1726,0.009000000000000001,1
1727,0.01,1
1728,0.01,1
1729,0.008,1
1730,0.012,1
1731,0.012,1
1732,0.01,1
1733,0.01,1
1734,0.008,1
1735,0.008,1
1736,0.008,1
1737,0.008,1
1738,0.008,1
1739,0.008,1
1740,0.012,1
1741,0.012,1
1742,0.009000000000000001,1
1743,0.009000000000000001,1
1744,0.006999999999999999,1
1745,0.006999999999999999,1
1746,0.008,1
1747,0.008,1
1748,0.006999999999999999,1
1749,0.008,1
1750,0.008,1
1751,0.008,1
1752,0.008,1
1753,0.006999999999999999,1
1754,0.006999999999999999,1
1755,0.006999999999999999,1
1756,0.006999999999999999,1
1757,0.008,1
1758,0.008,1
1759,0.009000000000000001,1
1760,0.009000000000000001,1
1761,0.01,1
1762,0.01,1
1763,0.008,1
1764,0.008,1
1765,0.009000000000000001,1
1766,0.009000000000000001,1
1767,0.006999999999999999,1
1768,0.006999999999999999,1
1769,0.009000000000000001,1
1770,0.009000000000000001,1
1771,0.008,1
1772,0.008,1
1773,0.009000000000000001,1
1774,0.009000000000000001,1
1775,0.008,1
1776,0.008,1
1777,0.009000000000000001,1
1778,0.009000000000000001,1
1779,0.011,1
1780,0.01,1
1781,0.01,1
1782,0.009000000000000001,1
1783,0.009000000000000001,1
1784,0.011,1
1785,0.011,1
1786,0.009000000000000001,1
1787,0.009000000000000001,1
1788,0.009000000000000001,1
1789,0.009000000000000001,1
1790,0.006999999999999999,1
1791,0.006999999999999999,1
1792,0.008,1
1793,0.008,1
1794,0.006999999999999999,1
1795,0.006999999999999999,1
1796,0.008,1
1797,0.009000000000000001,1
1798,0.009000000000000001,1
1799,0.008,1
1800,0.008,1
1801,0.009000000000000001,1
1802,0.009000000000000001,1
1803,0.009000000000000001,1
1804,0.009000000000000001,1
1805,0.006999999999999999,1
1806,0.006999999999999999,1
1807,0.009000000000000001,1
1808,0.009000000000000001,1
1809,0.008,1
1810,0.008,1
1811,0.009000000000000001,1
1812,0.008,1
1813,0.006999999999999999,1
1814,0.011,1
1815,0.011,1
1816,0.009000000000000001,1
1817,0.009000000000000001,1
1818,0.008,1
1819,0.008,1
1820,0.009000000000000001,1
1821,0.009000000000000001,1
1822,0.009000000000000001,1
1823,0.008,1
1824,0.008,1
1825,0.008,1
1826,0.008,1
1827,0.009000000000000001,1
1828,0.009000000000000001,1
1829,0.008,1
1830,0.008,1
1831,0.011,1
1832,0.011,1
1833,0.009000000000000001,1
1834,0.009000000000000001,1
1835,0.008,1
1836,0.008,1
1837,0.006999999999999999,1
1838,0.006999999999999999,1
1839,0.009000000000000001,1
1840,0.009000000000000001,1
1841,0.008,1
1842,0.008,1
1843,0.008,1
1844,0.008,1
1845,0.011,1
1846,0.011,1
1847,0.009000000000000001,1
1848,0.009000000000000001,1
1849,0.011,1
1850,0.011,1
1851,0.008,1
1852,0.008,1
1853,0.006999999999999999,1
1854,0.006999999999999999,1
1855,0.009000000000000001,1
1856,0.009000000000000001,1
1857,0.01,1
1858,0.01,1
1859,0.009000000000000001,1
1860,0.009000000000000001,1
1861,0.01,1
1862,0.01,1
1863,0.006999999999999999,1
1864,0.006999999999999999,1
1865,0.008,1
1866,0.008,1
1867,0.01,1
1868,0.01,1
1869,0.008,1
1870,0.008,1
1871,0.009000000000000001,1
1872,0.009000000000000001,1
1873,0.008,1
1874,0.008,1
1875,0.008,1
1876,0.008,1
1877,0.008,1
1878,0.009000000000000001,1
1879,0.009000000000000001,1
1880,0.006999999999999999,1
1881,0.006999999999999999,1
1882,0.008,1
1883,0.008,1
1884,0.008,1
1885,0.008,1
1886,0.009000000000000001,1
1887,0.009000000000000001,1
1888,0.01,1
1889,0.008,1
1890,0.008,1
1891,0.009000000000000001,1
1892,0.006999999999999999,1
1893,0.006999999999999999,1
1894,0.008,1
1895,0.008,1
1896,0.009000000000000001,1
1897,0.01,1
1898,0.01,1
1899,0.006999999999999999,1
1900,0.009000000000000001,1
1901,0.009000000000000001,1
1902,0.009000000000000001,1
1903,0.009000000000000001,1
1904,0.009000000000000001,1
1905,0.009000000000000001,1
1906,0.009000000000000001,1
1907,0.008,1
1908,0.008,1
1909,0.009000000000000001,1
1910,0.009000000000000001,1
1911,0.008,1
1912,0.008,1
1913,0.008,1
1914,0.008,1
1915,0.009000000000000001,1
1916,0.009000000000000001,1
1917,0.008,1
1918,0.008,1
1919,0.008,1
1920,0.008,1
1921,0.008,1
1922,0.008,1
1923,0.009000000000000001,1
1924,0.009000000000000001,1
1925,0.01,1
1926,0.01,1
1927,0.009000000000000001,1
1928,0.01,1
1929,0.01,1
1930,0.01,1
1931,0.01,1
1932,0.009000000000000001,1
1933,0.01,1
1934,0.01,1
1935,0.01,1
1936,0.01,1
1937,0.006999999999999999,1
1938,0.006999999999999999,1
1939,0.011,1
1940,0.011,1
1941,0.008,1
1942,0.008,1
1943,0.01,1
1944,0.01,1
1945,0.008,1
1946,0.008,1
1947,0.006,1
1948,0.006,1
1949,0.009000000000000001,1
1950,0.009000000000000001,1
1951,0.008,1
1952,0.008,1
1953,0.006,1
1954,0.006,1
1955,0.01,1
1956,0.01,1
1957,0.008,1
1958,0.008,1
1959,0.009000000000000001,1
1960,0.009000000000000001,1
1961,0.008,1
1962,0.008,1
1963,0.009000000000000001,1
1964,0.009000000000000001,1
1965,0.008,1
1966,0.008,1
1967,0.008,1
1968,0.008,1
1969,0.006999999999999999,1
1970,0.006999999999999999,1
1971,0.009000000000000001,1
1972,0.009000000000000001,1
1973,0.008,1
1974,0.008,1
1975,0.01,1
1976,0.01,1
1977,0.012,1
1978,0.012,1
1979,0.012,1
1980,0.012,1
1981,0.011,1
1982,0.011,1
1983,0.008,1
1984,0.008,1
1985,0.01,1
1986,0.01,1
1987,0.009000000000000001,1
1988,0.009000000000000001,1
1989,0.009000000000000001,1
1990,0.009000000000000001,1
1991,0.01,1
1992,0.01,1
1993,0.009000000000000001,1
1994,0.009000000000000001,1
1995,0.009000000000000001,1
1996,0.009000000000000001,1
1997,0.01,1
1998,0.009000000000000001,1
1999,0.009000000000000001,1
2000,0.009000000000000001,1
2001,0.009000000000000001,1
2002,0.011,1
2003,0.011,1
2004,0.009000000000000001,1
2005,0.009000000000000001,1
2006,0.009000000000000001,1
2007,0.009000000000000001,1
2008,0.01,1
2009,0.01,1
2010,0.01,1
2011,0.01,1
2012,0.011,1
2013,0.011,1
2014,0.008,1
2015,0.008,1
2016,0.009000000000000001,1
2017,0.009000000000000001,1
2018,0.009000000000000001,1
2019,0.009000000000000001,1
2020,0.006999999999999999,1
2021,0.006999999999999999,1
2022,0.009000000000000001,1
2023,0.009000000000000001,1
2024,0.009000000000000001,1
2025,0.01,1
2026,0.01,1
2027,0.006999999999999999,1
2028,0.006999999999999999,1
2029,0.006999999999999999,1
2030,0.006999999999999999,1
2031,0.01,1
2032,0.01,1
2033,0.01,1
2034,0.01,1
2035,0.009000000000000001,1
2036,0.009000000000000001,1
2037,0.01,1
2038,0.01,1
2039,0.006999999999999999,1
2040,0.006999999999999999,1
2041,0.009000000000000001,1
2042,0.009000000000000001,1
2043,0.01,1
2044,0.01,1
2045,0.009000000000000001,1
2046,0.009000000000000001,1
2047,0.01,1
2048,0.01,1
2049,0.01,1
2050,0.01,1
2051,0.009000000000000001,1
2052,0.009000000000000001,1
2053,0.009000000000000001,1
2054,0.009000000000000001,1
2055,0.008,1
2056,0.008,1
2057,0.009000000000000001,1
2058,0.009000000000000001,1
2059,0.01,1
2060,0.009000000000000001,1
2061,0.009000000000000001,1
2062,0.009000000000000001,1
2063,0.009000000000000001,1
2064,0.009000000000000001,1
2065,0.009000000000000001,1
2066,0.009000000000000001,1
2067,0.009000000000000001,1
2068,0.008,1
2069,0.008,1
2070,0.01,1
2071,0.01,1
2072,0.009000000000000001,1
2073,0.009000000000000001,1
2074,0.009000000000000001,1
2075,0.009000000000000001,1
2076,0.01,1
2077,0.01,1
2078,0.009000000000000001,1
2079,0.009000000000000001,1
2080,0.009000000000000001,1
2081,0.009000000000000001,1
2082,0.011,1
2083,0.011,1
2084,0.009000000000000001,1
2085,0.009000000000000001,1
2086,0.009000000000000001,1
2087,0.009000000000000001,1
2088,0.009000000000000001,1
2089,0.009000000000000001,1
2090,0.009000000000000001,1
2091,0.009000000000000001,1
2092,0.01,1
2093,0.01,1
2094,0.009000000000000001,1
2095,0.009000000000000001,1
2096,0.011,1
2097,0.011,1
2098,0.01,1
2099,0.01,1
2100,0.01,1
2101,0.01,1
2102,0.011,1
2103,0.011,1
2104,0.011,1
2105,0.011,1
2106,0.008,1
2107,0.008,1
2108,0.011,1
2109,0.011,1
2110,0.01,1
2111,0.01,1
2112,0.011,1
2113,0.011,1
2114,0.008,1
2115,0.008,1
2116,0.008,1
2117,0.009000000000000001,1
2118,0.009000000000000001,1
2119,0.01,1
2120,0.01,1
2121,0.009000000000000001,1
2122,0.01,1
2123,0.01,1
2124,0.01,1
2125,0.01,1
2126,0.008,1
2127,0.008,1
2128,0.009000000000000001,1
2129,0.009000000000000001,1
2130,0.009000000000000001,1
2131,0.009000000000000001,1
2132,0.008,1
2133,0.008,1
2134,0.01,1
2135,0.01,1
2136,0.008,1
2137,0.008,1
2138,0.008,1
2139,0.008,1
2140,0.008,1
2141,0.008,1
2142,0.008,1
2143,0.008,1
2144,0.008,1
2145,0.008,1
2146,0.009000000000000001,1
2147,0.009000000000000001,1
2148,0.008,1
2149,0.008,1
2150,0.008,1
2151,0.008,1
2152,0.01,1
2153,0.01,1
2154,0.009000000000000001,1
2155,0.009000000000000001,1
2156,0.009000000000000001,1
2157,0.009000000000000001,1
2158,0.01,1
2159,0.01,1
2160,0.008,1
2161,0.008,1
2162,0.009000000000000001,1
2163,0.009000000000000001,1
2164,0.01,1
2165,0.01,1
2166,0.006999999999999999,1
2167,0.006999999999999999,1
2168,0.006999999999999999,1
2169,0.006999999999999999,1
2170,0.01,1
2171,0.01,1
2172,0.011,1
2173,0.011,1
2174,0.005,1
2175,0.005,1
2176,0.009000000000000001,1
2177,0.009000000000000001,1
2178,0.009000000000000001,1
2179,0.009000000000000001,1
2180,0.011,1
2181,0.008,1
2182,0.008,1
2183,0.009000000000000001,1
2184,0.009000000000000001,1
2185,0.011,1
2186,0.009000000000000001,1
2187,0.009000000000000001,1
2188,0.011,1
2189,0.011,1
2190,0.009000000000000001,1
2191,0.009000000000000001,1
2192,0.009000000000000001,1
2193,0.009000000000000001,1
2194,0.006999999999999999,1
2195,0.006999999999999999,1
2196,0.01,1
2197,0.01,1
2198,0.006999999999999999,1
2199,0.006999999999999999,1
2200,0.009000000000000001,1
2201,0.009000000000000001,1
2202,0.009000000000000001,1
2203,0.009000000000000001,1
2204,0.011,1
2205,0.006999999999999999,1
2206,0.006999999999999999,1
2207,0.008,1
2208,0.008,1
2209,0.006999999999999999,1
2210,0.006999999999999999,1
2211,0.01,1
2212,0.01,1
2213,0.01,1
2214,0.01,1
2215,0.008,1
2216,0.008,1
2217,0.008,1
2218,0.008,1
2219,0.008,1
2220,0.008,1
2221,0.01,1
2222,0.01,1
2223,0.009000000000000001,1
2224,0.009000000000000001,1
2225,0.009000000000000001,1
2226,0.009000000000000001,1
2227,0.011,1
2228,0.011,1
2229,0.008,1
2230,0.008,1
2231,0.009000000000000001,1
2232,0.009000000000000001,1
2233,0.008,1
2234,0.008,1
2235,0.006999999999999999,1
2236,0.006999999999999999,1
2237,0.009000000000000001,1
2238,0.009000000000000001,1
2239,0.009000000000000001,1
2240,0.009000000000000001,1
2241,0.008,1
2242,0.008,1
2243,0.006999999999999999,1
2244,0.006999999999999999,1
2245,0.009000000000000001,1
2246,0.009000000000000001,1
2247,0.009000000000000001,1
2248,0.009000000000000001,1
2249,0.008,1
2250,0.008,1
2251,0.008,1
2252,0.008,1
2253,0.008,1
2254,0.006999999999999999,1
2255,0.009000000000000001,1
2256,0.009000000000000001,1
2257,0.01,1
2258,0.01,1
2259,0.009000000000000001,1
2260,0.009000000000000001,1
2261,0.01,1
2262,0.01,1
2263,0.008,1
2264,0.008,1
2265,0.008,1
2266,0.011,1
2267,0.011,1
2268,0.009000000000000001,1
2269,0.009000000000000001,1
2270,0.009000000000000001,1
2271,0.009000000000000001,1
2272,0.006999999999999999,1
2273,0.006999999999999999,1
2274,0.006999999999999999,1
2275,0.006999999999999999,1
2276,0.008,1
2277,0.008,1
2278,0.01,1
2279,0.01,1
2280,0.012,1
2281,0.012,1
